member_casual,Avg_ride_length_seconds,Avg_ride_length_minutes
member,747.34120859951361,11.966198690166204
casual,1426.0584601541661,23.277561741086931